标题,描述,BV号,播放量,弹幕,评论,时长,上传时间
【罗翔】私下开班培训舞蹈，到底判没判？,本期视频我们讲一讲非法经营罪的实质限缩的两个关键点。,BV1tr4y197pc,235915,1089,876,14:31,2023-09-02
【罗翔】非法+经营+数额较大=非法经营罪？法律数学题令人头大！,私下给人培训属于非法经营罪吗？,BV12F411C7kr,430521,2333,1985,24:47,2023-08-26
【罗翔】网络判案，人均死刑？聊聊重刑主义,很多人心中都有重刑主义的惯性思维，今天我想简单的聊一聊重刑主义。,BV1Ep4y1J7mk,2571622,23165,19014,15:33,2023-08-19
【罗翔】应该处罚嫖娼未遂和嫖娼预备吗？,到底什么属于着手实施嫖娼行为？如何界定嫖娼过程中的“被迫放弃”？这一期视频可能有点烧脑，如果大家有任何问题，欢迎在评论区和弹幕中探讨。,BV1wu4y1z7f4,2112588,19989,9807,13:30,2023-08-11
【罗翔】名贵兰花认定500元还是7万元？数额认识错误怎么看？,,BV1Qk4y1u7Pv,839821,3659,3453,07:38,2023-08-05
【罗翔】被人遗忘也许才是真正的纪念，谈谈李白、杜甫与高适。。,和大家简单聊一聊看完电影后，自己的一些想法，被人遗忘也许才是真正的纪念。,BV18V4y1q749,2646876,6806,3924,07:34,2023-07-28
【罗翔】如何偷换概念？辩论为了求真还是求胜？,今天和大家讲一讲偷换概念与辩论求真。,BV1G8411S7es,3010389,11271,9201,05:04,2023-07-22
【罗翔】张三打牌只算娱乐？怎样判定赌博？,对于赌博，有行政处罚和刑事惩罚两种。面对诱惑，我们只能选择远离诱惑。（新闻来源请参考：《冲上热搜！庆祝孩子高考660分却被拘？》光明网2023年7月9日）,BV1u94y1B7Qh,1598928,5496,6396,07:34,2023-07-15
【罗翔】村民修桥收费被判处寻衅滋事，这件事应该如何看？,"根据相关媒体报道的现有信息，我们聊一聊修桥收费与寻衅滋事。希望大家和我一起关注后续的报道和最新的相关信息，更全面的了解该起事件。
刑法虽不能过度宽纵，但更不能一味重刑。宽刑省狱，囹圄空虚应该成为每个法律人的内心自觉。",BV1KX4y1e7cP,6299026,47875,57060,08:23,2023-07-08
【罗翔】张三莫名坐牢，有了犯罪记录该怎么办？附《流程图》、《出具无犯罪记录证明的申请》与《行政起诉状》,在这个信息化的社会，个人信息的泄露无处不在。冒名顶替者固然令人愤恨，但是办案机关再发现错误之后也应该及时纠正错误，而不能让小错酿成大错。他人的人生并非办案工作中的几个字符，而是真实的喜怒哀乐。没有谁的人生可以被随意轻蔑与忽视。,BV1ms4y1F7Fz,1370664,4432,3567,09:08,2023-07-03
【罗翔】欠款？上门击毙！我是孙中山，打钱！骗子这么傻么？,其实骗子没有你想得那么傻，自认为聪明的我们肯定比我们想象中更愚蠢。,BV1zh4y1g7PS,1906838,6640,3511,04:45,2023-06-26
2023年还推荐法学吗？一个视频讲透法学类所有专业/行业！【框框的b站大学-法学类】律师、法务、公检法司、法学、知识产权、监狱学… | 我的志愿,"本期视频涉及专业：法学、知识产权、监狱学、信用风险管理与法律防控、国际经贸规则、司法警察学、社区矫正

其他大类科普：
计算机类专业（上）（计算机科学与技术、软件工程、网络工程、信息安全、物联网工程、数字媒体技术、智能科学与技术、空间信息与数字技术、电子与计算机工程、数据科学与大数据技术、网络空间安全、新媒体技术、电影制作、保密技术）：BV1YF411a75Y
计算机类专业（下）：BV1xg411T7c1
土木类专业（土木工程、建筑环境与能源应用工程、给排水科学与工程、建筑电气与智能化、城市地下空间工程、",BV19h411T7rd,863906,3177,5122,46:49,2023-06-15
【罗翔】“让我们泰然若素，与自己的时代狭路相逢“|2023毕业季最后一课,让我们泰然若素，与自己的时代狭路相逢。,BV1Tg4y1K7ad,1783411,5516,2962,14:17,2023-06-15
【罗翔】“铁马冰河”买药治疗癫痫女儿，以治病为名购买麻醉药品构成什么走私毒品罪吗,冰冷的法律问题背后是沉甸甸的故事。,BV1wh4y1R7CF,1106051,3450,3855,09:10,2023-06-09
【罗翔】性侵未成年人犯罪的追诉时效到底有多久？,本期视频我们讲讲性侵未成年人犯罪的追诉时效问题。,BV16L411q7Gy,718364,1247,3789,13:36,2023-05-30
【罗翔】张三成了植物人，配偶和父母，谁能决定拔管？,2008年，年仅31岁的朗贝尔因车祸成为植物人，直到2019年，法国最高法院做出最终判决，裁定医生可以为42岁植物人朗贝尔，停止医疗措施和喂食。,BV1Fg4y1c7yB,2188393,24335,9323,10:41,2023-05-26
【罗翔】去过很多地方，看过很多美景，旅行的意义在哪里？,大家在旅行中都有过什么感受呢？或者又遇到哪些旅途中的趣事？,BV1Fk4y1j79c,4385205,7444,7686,11:41,2023-05-18
【罗翔】80%的人认为真理在少数人手中，如何理解评论中讲到的逻辑悖论？,久违的读评论视频，感谢大家一如既往在评论区进行高质量且友善的讨论。,BV15h41157Xy,1708940,4260,6318,07:18,2023-05-16
【罗翔】挨打不能还手？互殴和正当防卫如何区分？,2023年2月最高检、公安部发布的《关于依法妥善办理轻伤害案件的指导意见》：（九）准确区分正当防卫与互殴型故意伤害。因琐事发生争执，双方均不能保持克制而引发打斗，对于过错的一方先动手且手段明显过激，或者一方先动手，在对方努力避免冲突的情况下仍继续侵害，还击一方造成对方伤害的，一般应当认定为正当防卫。,BV16V4y1C7P7,2338524,14442,22403,07:23,2023-05-09
【罗翔】真的存在家暴基因吗？犯罪是人自由选择的，还是基因所决定的？,如果真的有家暴基因，你会要求你的另一半在结婚前出具无家暴基因证明吗？,BV1js4y137Rp,949239,5613,4313,10:37,2023-05-05
新版社区公约上线了！看小黑屋新任管理员罗翔如何“办案”,,BV1sP411U7o2,3499294,1973,928,15:11,2023-04-26
《世界读书日 可以不读书》 | 罗翔给不读书人的「书」单,"世界读书日，一定要读书吗？
读书就像给灵魂穿衣服，大家都推荐的“经典款”、“畅销款”，实际穿上，未必合身。
知识从不会被载体所局限，如果能在愉悦中学到点什么，看视频也可以是读「书」。
一起来看罗翔老师给不读书人的「书」单。
B站读书日特别企划《世界读书日，可以不读书》正式上线。",BV1Qk4y1a7tz,2151855,3457,1971,06:48,2023-04-22
【罗翔】法律能禁止歧视吗？自然歧视和法律歧视分别指什么？,"自然歧视无处不在，放弃这种自然歧视更多的靠的是道德自律，而不是法律的强迫。但是，法律既要听从民众的声音，又要超越民众的偏见。虽然法律不能强求民众放弃这种偏见，但是法律不能鼓励并助长这种歧视。
法律的伟大之处在于它是超越个人情感的，虽然很难，但是我们依然要有理想。虽然所有的理想都要接受现实的妥协。但没有可以对标的理想，苟且就是我们唯一的选择。",BV1Gs4y1P7L1,760352,2855,2632,06:43,2023-04-14
【罗翔】归纳法还是演绎法？聊一聊以偏概全与刻板印象,人类的有限性让我们所有的认识都或多或少有缺陷，我们都是在偏见中成长，人类所有的见识都有偏颇的成分。所以公共讨论是有意义，我们需要在对立的立场中纠正我们的偏见，至少对我而言，倾听比言说可能更重要,BV1Cm4y1B7Q3,483528,1933,1412,07:23,2023-04-07
【罗翔】“出租”妻子与性侵教唆，一桩发生在多年前的案件,婚内性侵原则上不构成犯罪？有例外吗？出租妻子，构成犯罪吗？,BV1av4y1p7jv,882693,1880,1723,04:22,2023-04-03
【罗翔】多数即正义？从苏格拉底之死聊起,思想家说民主的目的应该是保护少数和个人的权利。这句话你觉得他是在为少数人说话，其实不然，他其实在为所有人的权利说话，因为只有保护了少数人的基本权利，防止少数人受到多数人的迫害，才能真正保护所有人的基本权利，即便你从貌似安全的多数中跌落到少数，你作为人的基本权利也会受到法律的保护。就像马克思说的：每个人的自由发展是一切人的自由发展的条件。,BV1Po4y1W7Qv,1836336,11533,5274,05:22,2023-04-01
【罗翔】包办婚姻，我是穿越了吗？,“16岁逃婚少女被送回”一事，引发广泛关注。,BV1CY4y1D7os,1723892,7741,6053,10:45,2023-03-29
【罗翔】张三劈腿，女友跳楼，张三犯罪吗？如何认定过失犯罪的因果关系？,过失行为与结果之间的因果关系，是非常非常复杂的问题。,BV1W84y137dh,714512,4124,1794,11:27,2023-03-26
【罗翔】过失犯罪引发争议，如何认定过失犯罪中的行为？,几乎每一个关于过失犯罪的认定，都会引起巨大争议。我们本期视频讲一讲如何认定过失犯罪中的行为？,BV1pL411D7QV,557881,5736,1797,06:20,2023-03-23
【罗翔X刘擎】人应该如何平衡，真实和虚假的自我？,我们应该戴着面具生活吗？在逻辑上，对人虚伪的指责是否都是成立的，但是这并不意味着我们不应该追求正确。,BV1iY4y1Q7Rz,680573,2292,1299,35:02,2023-03-17
【罗翔×刘擎】人应该在人际交往中，戴上面具吗？,戴着面具生活，是好还是坏？在生活中，你更希望自己遇到的人是戴面具的还是不戴面具的？,BV1YY4y1Q7Uu,1230816,6537,2160,30:56,2023-03-16
【罗翔】当我们讨论罪责自负，我们在关注什么？,一人犯罪影响子女亲属考公，这公平合理吗？,BV1ns4y1o7bD,2230787,30960,28129,18:39,2023-03-02
【罗翔】“开盲盒”执法？寻衅滋事到底该不该取消？,"寻衅滋事罪继承了流氓罪的诸多问题，与刑法明文规定的三大基本原则存在严重的冲突，矛盾很难得到调和，确有修正之必要。
一、无法满足罪刑法定原则要求的明确性
二、无法满足刑法面前人人平等原则要求的公平性
三、无法满足罪刑相当原则要求的公正性",BV13s4y1L7p4,1163100,9867,7320,20:01,2023-03-01
【罗翔】如何面对荒诞、拒绝荒诞，观《七号房的礼物》有感,《七号房的礼物》观后感。人只有意识到荒诞才会向往圆满，没有圆满，荒诞也就毫无意义。视频来源于《七号房的礼物》视频片段，视频配乐 Is There Any Hope。,BV1Nb411X7QR,1238669,3733,1938,07:16,2023-02-27
【罗翔】牛津材料博士研发抗癌药？关于新“药神案”的思考,最近又一起“药神案”引起民众的关注。本期视频与大家聊聊我对这起案件的一些思考。,BV1Bv4y1e7FX,816662,2772,3539,15:15,2023-02-24
【罗翔】面对网络暴力，法律真的无能为力吗？,尊重他人就是尊重自己，尊重自己也要尊重他人。,BV1wx4y1F73v,2055758,8395,9927,09:58,2023-02-21
【罗翔】安徒生的爱情戏剧为何失败？《阿格内特与人鱼》讲了什么故事？,祝各位都能够继续相信爱与美好，不苟且，不放纵，不怀疑。,BV1j8411u7or,501242,2069,1373,05:51,2023-02-14
【罗翔】转眼就要开学，一部小说让老师直面开学。,祝同学们开学快乐！,BV1g84y1p7GS,679942,2226,1856,06:57,2023-02-12
【罗翔】张三用抢来的钱消费，卖家有义务审查买方的钱的真实来源吗？,带血的钱，能收吗？,BV1fA411r77R,843251,2615,2337,05:34,2023-02-07
【罗翔】直播嫖娼牟利最高能判处无期徒刑？,很难想象这竟然是真实世界发生的案件。,BV1MA411C7m7,1568155,7939,3686,07:13,2023-02-02
【罗翔】8岁以上压岁钱可以自己处置？小孩子打赏主播后还能追回吗？,我妈让我把压岁钱全部上缴，这违法吗？能够报警吗？我感觉这种事情主要不归法律管吧。家里是讲爱的地方，爱是从心里发出来的，凡是要用心的地方，其实法律都很难管到这个地方。,BV1PT411y7RU,1563725,6951,6019,09:57,2023-01-25
【罗翔】新年快乐，希望大家每天都能创造美好的记忆！,大家今年有什么新年愿望呢？,BV18D4y1n7Ew,943712,4961,3354,01:45,2023-01-21
【罗翔】张三强迫李四听罗老师唱歌，是否违法？读评论#18,2023年的第一部读评论视频，希望大家能够喜欢。,BV1S3411d7it,3108683,9019,3452,09:34,2023-01-20
【罗翔】被同事普法，行政拘留暂缓执行制度是什么制度？,这段时间，很多同学都在关注行政拘留暂缓执行制度。很多同学对这个制度非常的陌生，认为复议怎么还停止执行呢？我也和很多同学一样，有这个刻板的印象。毕竟我们上学的时候，行政法老师教的都是复议不停止执行。那现在关于暂缓行政拘留的是怎么规定的呢？,BV1CK411C7pZ,969847,4705,2125,09:59,2023-01-15
既判力与溯及力的三种观点,既判力与溯及力它们之间有什么关系？,BV1VM411h7EB,553865,2612,1412,11:11,2023-01-11
【罗翔】孔曰成仁，我们应如何看待、如何实现“人的事业”？,这三期视频，是我站在自己的角度上对孔子的思考与理解。不同人的经历不同，角度不同，肯定对孔子也有不同的看法，也欢迎大家在评论区讨论，留下你对孔子的看法。,BV1bK411y7fr,460634,1734,1226,21:23,2023-01-10
【罗翔】当过鲁国大司寇的孔子，他的法律思想是什么？伟大的思想家孔子（中）,孔子说：“听讼，吾犹人也。必也使无讼乎。所以，孔老夫子说自己听讼判案的能力很一般人没有太大区别，就是按照普通人的观念来断案，他的理想根本就是没有人打官司。这对我的一个重要提醒是：法律思维还是要符合普通民众的常情常感常识。法律要讲道理，所以孔子反对法家那种的不讲理之法,BV1a44y1R7oL,629787,2213,1854,20:43,2023-01-03
【罗翔】差日、艰日、良日，2022已经过去，祝大家2023年元旦快乐！,今天（艰日）是艰难的，昨天（差日）是差强人意的，但明天（良日）是良好的。只要我们心中依然有对良善的期待，常怀良善之心，那我们也可以期待良好的明天。（使用音乐《今天》，原唱刘德华，伴奏来自于网络）,BV15A411S7RL,2709334,12462,8864,03:48,2022-12-31
【罗翔】有教无类，因材施教，孔子超前的教育思想，伟大的思想家孔子（上）,孔子是一个人类历史上最伟大的教师之一。作为教师，我必须向孔子学习，他是我职业上的榜样。,BV1724y1S72m,746978,2746,3568,16:48,2022-12-27
【年度书单】我的2022年度书单，文学类+历史类+哲学类+其他类,井上靖《孔子》、肖仁福《苏东坡传》、王晓明《无法直面的人生：鲁迅传》、陈年喜《微尘》、蔡崇达《命运》、罗新《漫长的余生》、李硕《翦商》、杨照《史记的读法》、《游叙弗伦》、法特兰《中亚行纪》、莱维《被淹没与被拯救的》。,BV1MG4y1J76L,2536758,4595,3588,14:15,2022-12-21
【罗翔】即便朝生暮死，也要衣裳楚楚,人不可能为了生命本身而保持生命，否则活着本身就是等死。人总要为着生命以外的存在而活着，人生的意义只在人生之外。,BV1hM41127bq,1882982,4176,3091,08:36,2022-12-17
【罗翔】自己地里捡到三星堆文物算自己的吗？,家里地里挖到一个金面具，不认识，要不融了做个镯子？,BV1a24y1Q7f6,1146548,3520,2415,06:21,2022-12-11
【罗翔】倒卖三星堆文物该怎么判？,张三好大的胆子啊,BV1ie4y1p792,3302567,8794,3740,07:56,2022-11-22
【罗翔】国家公园捡了鹿角，illegal！还回去！,今天我们不讲法律，我们讲段子。,BV1Ft4y1K7Ww,1100095,4652,1737,06:21,2022-11-18
【罗翔】我爸上过树打过鸟，是否要举报大义灭亲？,打麻雀的话，弹弓到底算不算犯罪工具？,BV1Wv4y1U79z,735228,1916,1721,04:55,2022-11-15
【罗翔】弹弓打麻雀到底犯不犯罪？刑还是不刑？,捡个麻雀蛋也算犯罪？,BV1We411F7Kd,1367455,12703,4462,11:35,2022-11-11
【罗翔】“网课爆破”仅是无聊恶搞？细聊网络爆破中的法律问题,对于利用“网课爆破”，侮辱教师人格名誉的行为，法律有多种应对之策，未成年人也要承担责任。,BV14d4y1r7Fg,2265430,3987,4462,08:13,2022-11-06
【罗翔】“网课爆破”犯了什么法？,-,BV1584y1v7AH,3834413,5928,7859,03:42,2022-11-04
【罗翔】不救人违不违法？详细聊聊救助义务,书接上文，赵三和李四的故事，李四是保洁员，兼职提供特殊服务，结果在赵三家提供特殊服务的时候，突发疾病，赵三要不要送李四去医院呢？,BV1WP411w7g5,1228493,2578,2659,06:29,2022-11-02
【罗翔】把醉酒人拖出门外致人死亡，是过失的作为还是救助的不作为？,老婆生病，你自然要送她去医院。女朋友生病，在法律上有没有送医的义务就有争议了。至于提供性服务的对象生病，要不要送医院，争议就更大了。我把问题留给大家，大家可以在评论区留言。,BV1te4y1U7Bm,835243,7830,1718,07:32,2022-10-28
【罗翔】正当防卫的尺度,让咸猪手成为瞎猪是正当防卫吗？真实案件中的正当防卫如何判断？正当防卫的判断不仅仅是一个法律问题，也是一个道德问题。如果没有道德标准，法律其实很难保障底线。,BV1sG4y1p789,2142090,4640,3801,05:44,2022-10-09
【罗翔】小美抛弃张三怀上李四孩子？重婚如何认定？,"我想请教各位同学，如果你是视频中所说的秦三，你会这么做吗？
如果你是法官，你会觉得秦三构成犯罪吗？",BV1BR4y1d75P,854361,4560,1400,07:07,2022-10-04
【罗翔】同居人算家庭成员吗？同居关系可以申请人身保护令吗？,7月15日，最高人民法院发布了《关于办理人身安全保护令案件适用法律若干问题的规定》，对于人身安全保护令的适用做出了明确的规定。让《反家庭暴力法》的相关规定落到实处，对于打击家庭暴力，促进家庭的和谐稳定必将起到非常重要的积极作用。王五同学问了我一个问题，如果只是同居关系，遇到渣男打人，能否申请人身安全保护令呢？,BV1He4y1Y7Xo,662945,3289,1472,10:23,2022-09-29
【余华X罗翔X黄鸭兄】聊聊《兄弟》！余华最喜欢哪本书？,"余华《兄弟》新版，开启B站特约对话！
 为什么余华最爱《兄弟》？罗翔老师最喜欢的作品是哪部？两位又是如何找到自己的“热情与使命”......来听他们怎么说~",BV1Ue4y187dT,6393957,79732,7511,102:20,2022-09-20
【罗翔】性侵未成年人造成伤害如何量刑？性侵未成年人的刑法修改,今天和大家讲一讲2021年刑法修正案十一对于性侵未成年人犯罪的修改。,BV1pB4y1n7FH,1159157,5891,2724,08:15,2022-09-14
B站教师节、中秋节特别企划《送月亮的人》 | 一寸月光万里路，莫卷人生卷诗书,"明天就是教师节，也是中秋节。双节来临之际，我们邀请了B站的宝藏老师们参演特别企划《送月亮的人》。借这支短片，祝所有老师双节快乐。感谢你们，让知识像月光一样洒在每个人身上。

目前，已有超5000名老师在B站分享知识视频，你想关注的宝藏老师都在B站。

《送月亮的人》短片由哔哩哔哩联合中国新闻社、半月谈、侠客岛、新京报、南方都市报共同发布。

感谢@刘嘉麒院士  @戴建业老师  @郑莉课堂  @罗翔说刑法  @宋浩老师官方  @北师大心理学韩卓  @正直讲史-李正Str  @乡村教师日记  @翎人祭酒   ",BV1Bd4y1X7Ej,5932392,10215,3996,04:17,2022-09-09
【罗翔】恋物癖“犯病”能脱罪？内衣贼到底是犯罪还是犯病？,今天，有很多人开始把一切道德上有错的犯罪行为开始称之为中性的疾病，这种价值的滑坡迟早会导致错误变为正确。,BV1Wd4y1R7rt,1220397,7124,2565,07:25,2022-09-06
全明星联动！那些上完大学你都未必知道的事【罗翔x戴建业x武志红x吴姥姥x陈铭】 | 开学解惑图鉴,"罗翔、戴建业、武志红、吴姥姥、陈铭等五位导师齐上阵，回答同学们关于学业、爱情、个人成长等各方面的灵魂提问，为你的开学季解惑护航！

00:10 戴建业 ——“不喜欢自己所读的专业怎么办？”
02:05 陈  铭 ——“读大学就是为了一份好工作吗？”
03:16 吴姥姥 ——“学理科天赋重要吗？”
03:47 武志红 ——“高考失利如何逆袭？”
05:29 罗  翔 ——“大学的爱情往往是怎么开始的？”
06:45 戴建业 ——“为什么大学的爱情往往走不到最后？”
08:15 罗  翔 ——“在大学感到迷茫",BV1md4y1G7Z6,670689,2034,636,10:40,2022-09-03
听老师们回忆大学时代，竟是这样的【罗翔x戴建业x武志红x吴姥姥x陈铭】 | 开学解惑图鉴,"开学不emo！一起来听听罗翔、戴建业、武志红、吴姥姥、陈铭五位导师，谈谈他们的大学经历和感悟——《大学，学的是什么？》。希望为同学们提供不同视角的实用知识和经验参考~
【号外】下半部分“学生灵魂提问篇”将于明天9月3日17:30发布，敬请期待！",BV1de411g7g9,693544,2955,996,14:42,2022-09-02
【罗翔】没病也治！医疗不当的“张三”医生该当何罪？,医生和律师相似，都掌握着某种信息优势。如果利用信息不对称来谋取利益，那么当事人就如待宰的羔羊。,BV19Y4y1u7ix,3006933,15156,7984,09:17,2022-08-29
【罗翔】实习生受伤属于工伤么？离职后查出尘肺病怎么办？,上次我们做了一个尘肺病的节目，有很多朋友提了一些关于劳动关系的问题，因为我不是专门从事劳动法研究的，我只能尝试的做些回答。,BV1vd4y1d7j7,638263,1561,1505,08:23,2022-08-24
【罗翔】令人窒息的尘肺病，如何维护自己的权利？,不知道大家还是否记得张海超的“开胸验肺”事件。,BV1NU4y1k7J3,948288,5511,3042,13:09,2022-08-21
【罗翔】三位先贤教你如何摆放小区垃圾桶,小区垃圾桶如何摆放？大家怎么看？,BV1Lg411k7h7,952079,5835,3201,06:45,2022-08-16
【罗翔】妇女幼女是两个概念吗？20以内加减法来算刑期,数学+法律是真的难上加难,BV1nV4y147Wo,953102,13761,2397,09:07,2022-08-12
【罗翔】65页的书讲了3个道理深深影响了我《功利主义》#B读好书,"穆勒有一段看似悖论的话特别打动我，他说：
在这样不完善的世界上，能够自觉地过没有幸福的日子，才最有希望得到能够得到的幸福。因为唯有这种自觉才能使人感到，无论多么恶劣的命运，都无力将自己击倒，从而使自己能够超然于人生命运之上。",BV1AF411P72p,1099485,4655,1888,15:24,2022-08-05
【罗翔】“我也曾经升职失败想辞职#B读好书”,今天与大家一起读书。,BV1Vr4y1j7uz,1038377,3300,2168,09:31,2022-07-30
【罗翔】刚离婚也是离婚，性历史会影响性侵的成立吗？,很多朋友应该还记得前段时间的雨衣男事件， 这里的问题可能有两个，一个是婚姻是性侵的免责事由吗？第二个问题是性历史会影响性侵的成立吗？,BV1ja411D7A2,2100231,7812,4923,07:53,2022-07-24
【罗翔X papi酱X LKs】聊聊自己。28岁的我只有一碗粉…【确实该聊聊】,"聊聊经历过的故事，找到认清自己的道路。
来到《确实该聊聊》，听听罗翔和papi酱怎么说。",BV1Wd4y1Q7PT,7854397,64052,9235,44:52,2022-07-20
【罗翔】在工地打工中暑算工伤么？劳务关系与劳动关系有什么区别？,近日，据媒体报道，一名建筑工人老王为了给儿子赚学费，在高温高湿度条件下工作9个小时，结果在收工路上因热射病倒下，被送医后抢救无效身亡。那么中暑是工伤吗？,BV1f34y1J7mg,1465521,6184,3962,11:20,2022-07-17
【罗翔】路边的野花不要采？山上的兰花采不得,上次讲完寄烟案，又有朋友问了我一个奇葩案例。,BV1ft4y147eU,1259760,7415,2791,11:04,2022-07-15
【罗翔】冒充罗老师算招摇撞骗罪吗？读评论#17,又到了读评论环节，看看这次B站网友们有问了哪些有趣的问题。,BV1BW4y1U78G,3474645,15767,8572,06:40,2022-07-08
【罗翔】香烟能不能寄？不知者可以免责吗？,前段时间，有位陆女士买了48条“华子”，准备邮寄到广东的妹妹当喜烟，结果快递被烟草局查获。因无证运输烟草，陆小姐被烟草局罚款10080元。陆小姐觉得自己很冤，就此事向人民法院提请了行政诉讼，主张撤销行政处罚。法院审理后认为烟草局做出的行政处罚合法合规，驳回了陆女士的诉讼请求。大家对这件事请怎么看？,BV1zL4y1w7pj,3795932,103707,11077,12:50,2022-07-02
【罗翔】性侵导致对方怀孕属于加重情形吗？,张三性侵导致李四怀孕，算不算造成其他严重后果？到底判几年？普通人朴素的法感通常是错的？,BV1TW4y1r7w2,1714562,7654,5205,07:30,2022-06-24
【罗翔】结婚前要告知对方有无卖淫嫖娼记录？读评论#16,又到了我们的读评论环节，今天都有哪些既有趣又能引发思考的评论呢？,BV14r4y137AR,1616295,7553,4772,05:28,2022-06-17
【罗翔】当年我实习的主要工作就是唱歌？！#2022毕业坦白局01#,"视频素材来源于：北京理工大学、重庆大学、哈尔滨工业大学、山东科技大学、山西大同大学团委、同济大学、团在上师大、武汉大学共青团、西安外国语大学、浙江传媒学院、中国科学院大学
BGM来源于：林志炫-凤凰花开的路口、GALA-追梦赤子心、告五人-爱在夏天、毛不易-盛夏、吕方-朋友别哭",BV1HW4y1k7mP,1399734,7008,2388,16:56,2022-06-13
【罗翔】令人愤怒的唐山打人案涉及什么犯罪？,相信很多同学都这件事十分生气，甚至气到吃不下饭睡不好觉。让我们一起持续关注该事件的发展。,BV1YA4y1R7RJ,24405436,175386,66365,07:12,2022-06-11
【罗翔】今天讲哲学，人比物价值高有什么哲学根据？,"今天我们讲一讲在法律中人与物比较的功利主义哲学根据。
哲学部分内容大家如果有意见看法，还请提出，谢谢各位。",BV1gY4y1G73g,1777795,31589,5987,12:52,2022-06-09
【罗翔】有争议？收买被拐卖儿童过5年就不再追诉了？,"追诉时效就是在一定的时间范围，国家对犯罪就可以追诉，过了这个时间，国家就不再追诉。
收买被拐卖的儿童罪，法定最高刑只有三年，所以经过五年就不再追诉。收买被拐卖的儿童罪是刑法中的继续犯和状态犯？我们今天这期视频就来详细说说。",BV1p341137dE,2134626,6843,4196,12:14,2022-06-02
【罗翔】划重点！2022年法考大纲解读，不考也值得一看,"《2022年国家统一法律职业资格考试大纲》已经发布，准备法考的同学和不准备考试的同学都可以来看一下。
大家安心备考，加油！",BV1Q5411X7Ty,790694,2930,1870,19:57,2022-05-28
【罗翔】用狗血验出来的亲儿子？这个案例是字面意义上的“狗血”,"我们可以将独立的医学检验实验室解释为提供虚假证明文件罪中的中介组织吗？
今天的视频我们讲一讲假检测报告与虚假证明文件。",BV1F34y1J74b,2366045,8016,2699,09:36,2022-05-22
【罗翔】结核病人上学记，学生可以告学校吗？,前段时间，一名罹患结核病的学生发邮件向我求助，害怕学校不予录取，这个学生的问题也我想起了多年前的“乙肝歧视第一案”。,BV1TR4y1w716,1274373,3200,4474,09:31,2022-05-18
【罗翔】黄鼠狼是保护动物吗？烤着吃野生蝗虫犯法吗？,"刑法中的保护动物有三种：一是珍贵、濒危野生动物；二是三有动物；三是其他野生动物。
我们结合4月施行的《关于办理破坏野生动物资源刑事案件适用法律若干问题的解释》进一步为大家讲解。",BV1ju41167hc,1664828,10212,4633,10:07,2022-05-13
【罗翔】4500买的吊坠价值20万？张女士赚了个10年有期徒刑？,"今年4月9日，两高发布《关于办理破坏野生动物资源刑事案件适用法律若干问题的解释》，对危害珍贵、濒危野生动物罪进行了严格的把关，对于刑罚权的过度扩张有一定的限制。这突出的表现就是不再按个论，而是开始按价值论。
今天的视频我们来详细讲一讲。",BV1tF411j775,1520099,9334,4211,10:52,2022-05-07
【罗翔】蛤蟆先生在朋友帮助下走出虚荣，让我想到我自己《柳林风声》读后感,"《柳林风声》提醒我友谊的宝贵，因为只有友谊才能让我将抽象的理想融入到对具体人的关爱中来。
希望大家有时间可以多读一读纸质书。",BV1aF411j7YW,1836546,6337,3923,07:53,2022-05-04
【罗翔】人身保护令也管不了张三虐待儿子？读评论#15,家庭暴力问题是一个复杂的问题，法律层面上判断刑罚不一定难，但是社会家庭层面上解决这个问题需要多方努力，同时我们这一期视频也讲一讲人身安全保护令。,BV1k44y1g7Dp,1067719,4460,2513,07:22,2022-04-29
【罗翔】为什么保护知识产权很重要？,本期视频与中国知识产权报社共同策划。,BV1FS4y1a7DS,1286792,4793,3663,05:57,2022-04-26
【罗翔】案底伴随一生？未成年犯罪的案底应该封存或消灭吗？,"人类事务太复杂，很多时候我都感觉自己像一个法盲。
今天的视频提出了我自己的一些粗浅的想法，让刑罚发挥教育功能，大家对“案底”和“前科”这件事怎么看？
希望能听到大家的想法，看到大家的思考。",BV1FT4y1a77x,1796968,15296,6081,12:30,2022-04-20
【罗翔】嫖娼有犯罪记录吗？舅舅嫖娼被抓过会影响我考公务员吗？,"前段时间，我们讲了犯罪证明。很多同学问我，老师什么是犯罪证明，嫖娼有犯罪记录吗？我舅舅嫖过娼，被抓过。会影响我考公务员吗？
这个问题其实挺复杂的。本期视频我们就来详细的讲一讲。",BV1S94y1d7A2,3520654,12692,7887,05:45,2022-04-13
【罗翔】同学们也过愚人节吗？分享我的愚人节故事,大家今天如何过节呢？有被朋友们开玩笑捉弄吗？,BV1QL4y1L7dR,2868653,11850,19642,05:57,2022-04-01
【罗翔】如果错的行为导致好的结果？这件事情如何衡量？,"神医李四这次开了一个偏方，它的拉丁文名是Canis lupus familiaris。
视频中引用片段来自BV1jF411n7Jv",BV1Nu411B79n,1684505,10015,3284,08:48,2022-03-29
【罗翔】法律应该限制未成年人文身吗？,"我关注到，今年3月1日生效的《上海市未成年人保护条例》第四十六条规定： 任何组织或者个人不得违法与未成年人进行与未成年人年龄、智力不相适应的交易行为，不得向未成年人提供文身服务；未经未成年人父母或者其他监护人同意，不得向未成年人提供医疗美容服务。
大家认为法律应该限制未成年人文身吗？",BV1q3411p7s3,2673173,20271,14485,11:06,2022-03-26
【罗翔】逃犯去派出所开具无犯罪记录证明？警察：热烈欢迎！,"前段时间，发生一个有趣的案例，张三自称接到多地警察电话说自己涉嫌犯罪，为了自证清白想要民警帮他开具无犯罪记录证明。不过在核查信息时民警却发现，该男子竟然是一名被警方网上追逃的在逃嫌疑人。
所谓自首，就是自动投案，如实供述。那张三的这种行为算不算自首呢？",BV1F44y1T7iM,2339144,11791,3683,06:36,2022-03-16
【罗翔】刑法可以推崇人高于物的价值观吗？,虽然我老爱拿大熊猫举例子，我还是很喜欢大熊猫的。,BV19S4y137w9,1305602,9470,4477,08:24,2022-03-12
【罗翔】看了这个评论，我学会了“催逝员”这个新词。读评论#14,今天和大家分享三个有趣的评论，希望大家能有一个开心的、有收获的三月。,BV1zu411X7A6,3708589,13285,6220,05:32,2022-03-01
【罗翔】只要钱到位，破镜能重圆？情感挽回服务靠谱吗？,"去年12月30日，上海市首起“情感挽回大师”诈骗案就被宣判，该案涉及31名被告人，首犯以诈骗罪判处有期徒刑11年，并处罚金人民币20万元，其他被告也判处9年或者期限不等的有期徒刑，并处罚金。
今天我们来讲一讲感情挽回诈骗案件的常见套路。",BV1eT4y1D7zE,1697836,8217,4388,06:37,2022-02-22
【罗翔】“从良”性工作者嫁老实人算诈骗吗？刑法应该打击哪类欺诈行为？,冒充名校大学生提供性服务案是否构成诈骗罪，我把这个题目留给大家。请在评论区回答。,BV1dP4y1w7ao,1769268,23451,6875,09:51,2022-02-14
【罗翔】我也是第一次到这个地方来，大开眼界！,"新年期间我回到了湖南，去到一个神秘的地方参观学习，那么这个地方是哪里呢？
本期视频含有广告。",BV1Yi4y1f7ou,7872512,43228,6789,14:57,2022-02-11
【罗翔】翻译的书读不懂到B站求助，结果发现书印错了？,今天这个视频不仅是要感谢翻译家前辈们，我也要单独感谢B站的朋友们。谢谢你们为我答疑解惑。,BV16F411n7MN,1843292,4354,2979,07:36,2022-02-05
【广场往事】B站UP主，办了个电影节！,"BGM:
Black Rebel Motorcycle Club - Beat The Devil's Tattoo
毛不易 - 像我这样的人
佐藤直紀 - 月光号
横田真人 - Super Mario Galaxy (スーパーマリオギャラクシー).
Alan Silvestri - Captain America
Audiomachine - Open Range.
Two Steps From Hell - Victory.
Hans Zimmer - Cornfield Chase",BV1Pu411d7rh,6212379,141555,11674,75:17,2022-02-01
【罗翔】新的一年树新的flag！给大家拜年了~,"新的一年祝大家新年快乐！
新的一年你想给自己树一个什么flag呢？欢迎大家在评论区留言！",BV1oa411m7Hq,1468122,10577,3362,01:56,2022-02-01
【罗翔】高压锅恐惧症？《开端》中的法律问题,提示：其中的讲解可能涉及部分剧透，各位同学们酌情观看。,BV1JR4y1u7fQ,7365543,41871,14460,10:13,2022-01-27
【罗翔】收到的问题千奇百怪！奇怪的采访增加了~【确实该聊聊】,"在结束了对谈后，知识酱又问了罗老师什么问题？

指路正片：罗翔说刑法 X 喻恩泰：从人和宇宙的关系开始，聊聊现在的世界~ BV1aR4y1M7pQ",BV1Uq4y1C7oN,1003964,1089,1026,02:20,2022-01-25
【罗翔×喻恩泰】聊聊网红时代。从人和宇宙的关系说起…【确实该聊聊】,"让我们坐下来，从人和宇宙的关系说起，聊聊现在的世界。
 这些年，我们见证了无数一夜成名的故事，
 人人都有机会成名的世界，是否变的更好了？
 年关将至，来到《确实该聊聊》，听听罗翔和喻恩泰怎么说。",BV1aR4y1M7pQ,4586079,42209,8450,30:34,2022-01-24
【罗翔】趁前女友昏睡刷脸转账，是抢劫还是盗窃？,"黄某因赌博欠下债务，便产生了从前女友处弄钱的念头，黄某打电话给前女友董某，说要当面商量偿还恋爱期间借董某6万余元之事，当天下午，黄某百般体贴，主动为董某做饭、冲服感冒药剂，因董某生病，喝药后便渐渐昏睡过去。趁董某昏睡，黄某用董某指纹解锁了她的手机，翻开她的眼皮，用人脸识别功能转走15.41万元。
那么问题来了，董某的行为属于盗窃还是抢劫？",BV1Dr4y1v7t5,1592264,15899,3321,10:03,2022-01-21
【罗翔】冒充部落酋长算招摇撞骗吗？读评论#13,好久没有更新读评论的视频了，祝大家周末愉快！,BV15S4y1f73y,2900443,12044,5042,05:56,2022-01-15
【罗翔】网络赌博比线下赌博危害更大？输钱的赌客是不是被害人？,有些人认为赌博是没有被害人的，属于个人的自由，因此法律没有必要干涉。但是这种极端自由主义的看法并不合适。,BV1xr4y1v7HN,2233569,9054,5332,07:47,2022-01-13
【罗翔】想成功先发疯！你以为现在传销那么简单吗？,"这年头还有人信传销？别说，还真的有
那我们应该如何识别传销？传销有哪三大特征？本期视频我们一起来聊一聊。",BV1Jm4y1X7Z2,3403298,24390,7631,12:06,2022-01-08
【罗翔】让学生呕吐，校长落泪的“营养午餐”犯了什么罪？,"2021年11月23日，有媒体报道河南省新乡封丘县赵岗镇戚城中学30多名学生吃过学校的营养午餐后，出现呕吐、拉肚子现象，据学生们反映，当天吃的饭菜里“豆腐有点馊，烩菜有点腥”。
那么食品不干净不卫生，构不构成犯罪？",BV1N3411e7bJ,3108697,13264,9234,07:13,2022-01-05
【罗翔】为什么要有体育与音乐教育？我是个反面典型,本期视频是之前直播的片段剪辑，主要是讲苏格拉底和柏拉图对音乐教育与体育教育的看法。,BV1zY411h7Sv,3206906,18751,7112,09:36,2021-12-28
【罗翔】妖精骗婚？法律倒真的没考虑过这个问题……,今天我们讲讲婚姻无效的三种情况与可撤销的婚姻。,BV1zL4y1n7Yv,1597470,7061,4603,05:03,2021-12-24
【罗翔】狗狗被偷，对方索要裸照，女子“舍身”救狗？,"张三养了一只非常可爱的狗狗，结果被人偷走了。
张三非常伤心，到处留言，发传单，重金求狗。 
小偷李四看到了广告，主动和张三联系。
李四提出了两个请求 
一是钱，本来偷狗就是为了涮火锅，现在看你可怜，给我3000块，我好去吃火锅。
二是色，既然你如此喜欢狗狗，那么你救做点牺牲，拍张裸照给我。
李四说，放心，我也是又底线的，裸照我绝对不发网上，我只是自己欣赏。
张三居然同意了！
张三是同意的，还是被迫的呢？
以身救狗案件中的李四构成猥亵吗？",BV1ei4y1Z7z5,2901902,12043,9670,06:41,2021-12-14
【罗翔】同居人施暴算家暴吗？法律到底怎么管家暴？,"对于家庭暴力的认定而言，最重要的是证据的收集。
被家暴者应该如何保护自己？《家庭暴力受害人证据收集指引》重磅发布。",BV1d44y1h7pX,1315157,4223,5332,10:23,2021-12-10
【罗翔】难辨真伪！AI换脸深度伪造犯法吗？,"对于AI换脸等深度伪造的行为，属于违法犯罪行为吗？这一期视频我们详细聊一聊。
封面图片来源于@瓜瓜Mars  的视频封面。",BV1RY411p7Yq,3729427,31392,9082,09:52,2021-12-07
【罗翔】《我不是药神》再次上演？“定罪不起诉”依然属于犯罪？,"李芳（化名）的儿子患有一种罕见的癫痫症，经医生建议，她给孩子使用了名为氯巴占的海外药物。在国内，它属于国家管制第二类精神药品名单。今年7月，李芳帮一名代购者代收了海外购买的氯巴占，结果，李芳因“走私、运输、贩卖毒品罪”，被中牟县检察院以“犯罪情节轻微”为由不予起诉。李芳表示，不认可对其“毒品犯罪”的定性，将向检察院进行申诉。
针对这起案件，和大家聊一聊我的看法。",BV19M4y1P7SU,4542029,15255,11442,15:18,2021-12-01
【罗翔】大一学生高考期间禁止离校！聊聊考试作弊犯罪,哪些考试是“法律规定的国家考试”呢？驾考是吗？,BV1XM4y1A7Y5,2213890,9110,4157,11:18,2021-11-26
【罗翔】美国大学生论文外包？雇人写作业犯法吗？,"好像又到了期中期末考试交作业的时候了啊，那有的同学就要问了，雇人写作业写论文到底犯不犯法啊？
这一期视频我们来聊一下这件事情。",BV1v341187jJ,1355132,7760,3828,07:42,2021-11-23
【罗翔】诬告别人什么罪，你也要判什么罪！诬告与反坐,"上次我们提了一个问题，就是诬告是否应该反坐。
所谓反坐，就是按照你所诬告的罪来进行处罚。
大家觉得诬告反坐这种制度公平吗？",BV1qY411x7gJ,1695771,6454,4768,11:26,2021-11-20
【罗翔】张三造谣李四出轨，算诬告陷害罪吗？,"上次我们讲过一个性犯罪的诬告率高不高的问题，有同学对诬告陷害罪想了解一下，让我讲讲什么是刑法中的诬告陷害罪。
本期视频我们来聊一聊诬告陷害罪的相关知识点。",BV15U4y1g7g6,1221682,11055,2895,08:54,2021-11-17
【罗翔】离谱！网友要在评论自首？读评论#12,今天是久违的读评论视频，希望大家都能有一个愉快的周末。,BV1ih41187H7,5464410,17894,10064,04:56,2021-11-13
【罗翔】我家有个祖传的宝贝，我自己砸了犯罪吗？,"刑法中有一种理论叫做自损行为，自己损害自己的东西，一般不构成犯罪，但是，如果自损侵害了他人或社会利益，那还是有可能构成犯罪的。
那么自己的文物可不可以砸呢？觉得砸了构成犯罪的请打1，觉得砸了不构成犯罪的请打2。",BV1xQ4y1q7wQ,3677962,39086,8577,06:35,2021-11-02
【罗翔】英国男子假装自己绝育骗奸也不算犯罪？我有意见,"前段时间，我们讲过一个以欺骗手段骗取性利益的视频BV1Jq4y1o7N3
有同学提到了英国的一个判例，劳伦斯冒充绝育案，本期视频就来讲讲我的看法。",BV1h34y1S7eF,1608993,5877,3004,07:46,2021-10-29
【罗翔】一个大男人用丝袜堵住空气质量监测装置？这犯了什么罪？,"汤某是环境局工作人员，有一天喝多了，居然用随身携带的丝袜将监测PM10、PM2.5数据的空气质量监测设备采样杆套住，致使当日21时至次日7时的PM10、PM2.5数据值严重失真。这种行为构成什么罪呢？检察机关之前是以破坏计算机信息系统罪起诉的。
而2021年3月份生效的刑法修正案十一对一个罪名进行了修改，叫做提供虚假证明文件罪，我们今天正好详细讲一讲这个罪。",BV1Db4y1a7cW,1082018,5573,2056,07:12,2021-10-26
【罗翔】女性故意“报复”男性？性侵犯罪是一种高诬告率的犯罪吗？,"虽然没有经验统计表明性侵犯罪的虚假报案率是最高的，但人们还是会担心，女方会诬告被告。
许多人认为，性侵犯的报案率至少有50%是虚假的，很多性侵犯案件都是女性出于愤怒而报复，或者是担心未婚先孕受到社会歧视而对男性进行诬告。
但是严肃的学术研究证明这种担心是多余的。相反，在性侵犯罪中，存在大量的犯罪黑数，也即有相当多的性侵犯罪没有进入到司法体系，许多被害人害怕受到二次伤害而不会报案。
我们需要严肃的学术研究与统计来表明，在性侵犯罪中，到底是诬告率高，还是未报案的比率更高。",BV1FL4y167kE,2622497,20116,17116,11:18,2021-10-19
【罗翔】祝各位同学法考顺利！附带蒙题小技巧,"法考就在明天，祝各位考生都能顺利通过！
考试中如果遇到了一些不会做的题目也不要着急，要沉着冷静，蒙也要蒙对它。",BV1kf4y1c7KX,1164624,3080,2224,06:17,2021-10-15
【罗翔】如何判断某案件是否是过失致人死亡罪？说实话，很难,"不知道大家有没有发现，法律问题太过复杂，越学习刑法，我越觉得自己在刑法方面其实也是一个小白，我一直将自己定位于一个法学殿堂的门童，作为一个普通老师，我只是邀请各位走入法学殿堂，不断学习，研究，向真正的法学大家学习。
希望今天这个视频能够带给大家一些思考。",BV1kq4y1V7zG,1156640,15978,2984,15:28,2021-10-12
【罗翔】“笑气”到底是不是毒品？贩卖笑气不犯法？,"笑气是毒品吗？
酒吧老板张三据说仔细研究了法律，得出笑气不是毒品的结论，明目张胆的的销售贩卖。当警察抓他的时候，张三振振有词，说何罪之有。
“笑气”虽然未列入毒品目录，但有类似毒品的效果。销售笑气不构成贩卖毒品罪，毕竟它不属于毒品。但是，刑法并不是只有贩卖毒品罪一种罪名，还有很多其他犯罪。2015年，一氧化二氮被国家列入了《危险化学品目录》，未经许可，任何单位和个人不得经营危险化学品。",BV1Nb4y1Y7Qn,2122155,12394,4226,08:31,2021-10-09
【罗翔】我爸是检察长？假冒领导的儿子算招摇撞骗罪吗？,前段时间，有个视频火爆全网，一个交通事故的视频中，涉事男子大呼，我爸是检察长，“家里十五套房”，引发舆论广泛关注。后来发现，这就是口嗨，根本就是假冒的。有同学就问了，这种行为构成犯罪吗？,BV1q44y1t7PZ,1428277,11949,2882,12:18,2021-10-06
【罗翔】用社区的力量来改造罪犯，是可行的吗？,对于罪行较轻的犯罪分子，没有必要把他放进监狱，而是可以让他在社会上服刑，大家的观点呢？,BV1o64y187oo,987224,7419,2268,10:04,2021-10-03
【罗翔】违反常识？骗取性利益为什么不宜一律规定为犯罪？,"性欺诈和财产欺诈是可以类比的吗？
感情骗子为什么不能以犯罪追究刑事责任呢？
骗取性利益为什么不宜一律规定为犯罪呢？
当然，这并不是说所有通过欺骗来获得性利益的都不构成犯罪，刑法肯定要打击其中最严重的行为。",BV1Jq4y1o7N3,1538121,8529,3431,11:39,2021-09-28
【罗翔】迷奸犯罪，购买迷奸药本身构成犯罪吗？,"大家都知道迷奸构成犯罪，但是有同学就问了，购买迷奸药这个行为本身构成犯罪吗？
那这一期视频我主要和大家讲一讲“犯罪预备”的概念。",BV1mh411p79Z,1384555,11127,4006,10:37,2021-09-24
【罗翔老师直播课堂】《理想国》第二章,期待下一次与各位同学在直播间再会,BV1Zv41137ZG,704031,4564,802,38:00,2021-09-23
【罗翔】中秋节关于月亮与正义的小思考,每次月亮都是对正义的提醒，正值中秋佳节，祝各位同学节日愉快，家庭美满。,BV15g411c7c8,1176877,16553,4170,05:51,2021-09-21
【罗翔】把通过图灵测试的机器人电源拔了，算谋杀吗？读评论#11,又到了读评论的时间，同学们总有一些有趣的问题，在看同学们的评论时，我也在不断的学习进步。,BV1FL4y1a7vq,1741275,10891,5440,08:33,2021-09-17
【罗翔】“学姐好”事件反思，从权力聊到法治与平等-直播回放,"“学姐好”事件给了我一个很好的反思自己的机会，当自己掌握权力时，你是否也会滥用权力？
这个事情同时也让我想到了鲁迅的《灯下漫谈》，这次直播回放与大家聊一聊我对查寝事件的看法。",BV1Kq4y1f7W5,3586515,22146,5977,09:12,2021-09-14
【罗翔】什么叫“好学生”？学生最需要做好哪些事情？-直播回放,本周二直播时很多同学希望能看直播录播，正值开学，就和大家轻松的聊一聊我对“学生”这两个字的解读与看法，说文解字的部分其实都是我自己的理解，胡说的，大家听一听乐一乐，如果能从中得到一点点的启发那就最好不过了。,BV1E44y1h7ze,1065092,16120,6071,11:39,2021-09-10
如果一种行为在道德上是被“点赞”的，那就不应该是犯罪,"刑法不仅要惩罚犯罪，同时还需要限制惩罚犯罪的权力本身。我们需要用有限的法律，适应无限的社会生活。法律在社会发展中有哪些重要意义？如何解释罪刑法定与刑法？

演讲者：罗翔 中国政法大学刑事司法学院教授
演讲时间：2021年6月19日 格致论道第69期“干杯吧！知识”",BV1ow411f7Kp,1359482,14673,3675,24:21,2021-09-04
【罗翔】粉丝安装定位装置跟踪明星行踪，这种行为犯法吗？,"这一期视频我们主要讲一讲什么叫窃听窃照设备以及相关的犯罪。
同时也希望大家能够走出形形色色的偶像崇拜，寻找自我，追求真理。",BV1w34y1Q7cL,922609,6633,2550,11:30,2021-09-03
【罗翔】强制猥亵是具体实施了什么行为？与强奸有何区别？,"最近发生了不少案件都可能涉及一个罪名：强制猥亵、侮辱罪。
强制猥亵是指什么行为？它与强奸有什么区别？我们这一期视频讲一讲强制猥亵、侮辱罪。",BV1wq4y1T7Sw,1166641,11080,4576,12:32,2021-08-31
【罗翔】职场性骚扰行为频发，我们应该如何应对？,"《防治职场性骚扰指导手册》主要有三个部分内容，首先对职场性骚扰进行了定义，其次明确了用人单位如何防治职场性骚扰，最后对于个人怎么应对职场性骚扰，提出了一些有针对性和操作性的建议。
无论你是职场的新人，还是老人，也无论你是职场的领导，还是员工，我都建议大家好好阅读一下。",BV1Pg411L7dc,942140,9326,4732,11:25,2021-08-27
【罗翔】张三导演包养干女儿，算卖淫嫖娼吗？,知名导演张三欲包养小美做干女儿，这种行为算是卖淫嫖娼行为吗？公安部是如何定义卖淫嫖娼的呢？,BV1e64y1e7xF,5331485,34669,8548,10:05,2021-08-24
【罗翔】全城警告！被偷的电瓶车上有毒耗子用的花生！不要吃！,该案中如果没有严重扰乱社会秩序，就不需要动用刑法，对当事人进行治安处罚是可以的，各位同学不要学习这种不好的行为，不要谎报警情。,BV1dV411J7Nw,1492853,5394,4429,06:18,2021-04-30
【罗翔】我们为什么要读书？如何在读书中超越今生？,罗翔和你分享读书的四种境界,BV1Xf4y1p7Ji,916190,9245,2033,74:21,2021-04-27
【罗翔】三天时间你把刑修十一新罪都犯了一遍？你就是张三本三？读评论#7,每一次读评论，都是一次与大家的互动和交流，教学相长，对老师来讲是极大的愉快。,BV1w64y127gu,3069098,9481,3551,07:56,2021-04-27
【罗翔】一年一度读书日，与大家分享我刚读完的一本书【好奇星球读书漂流】,"读书日快到了，和大家分享一本自己最近刚读完的书，大家猜是哪一本？
希望大家能够多阅读，多思考，知行合一。",BV1T5411w78D,983775,1568,3926,01:48,2021-04-22
【罗翔】张三20年前偷看洗澡被轻判，现在再审说要加判5年，合理吗？,这一期视频可能有一点复杂，不知道同学们能不能听懂。也可以参照之前的追诉时效视频来复习一下。 BV1RV411d78w,BV1kf4y1s7WZ,1284656,6310,2809,10:47,2021-04-20
【罗翔】太离谱，孔三和乔四竟用矿泉水制造假疫苗？！,生产、销售、提供假药，基本刑是三年以下有期徒刑或者拘役，并处罚金，如果出现致人死亡或者有其他特别严重情节的，处十年以上有期徒刑、无期徒刑或者死刑，并处罚金或者没收财产。这是一个非常严重的犯罪，最高是可以判处死刑的。,BV14K4y1K7Uf,1488244,9580,3606,06:59,2021-04-17
【罗翔】蔡姓艺人微博转发过亿，粉丝应援APP开发者蔡某被判刑,今天我们通过这个案件来分析一下，流量推手到底构不构成犯罪？,BV15b4y1D7Sy,2801513,15005,7368,11:51,2021-04-13
【罗翔&小亮】被B站同学纠错，红领绿鹦鹉到底是不是保护动物？,本期视频是对BV1Uf4y147eN这一期视频的补充与说明，特别感谢那一期视频置顶的B站同学的提醒，我太怕误人子弟了，所以最近这一阵子一直在查找关于鹦鹉的相关资料，感谢@无穷小亮的科普日常 的帮助与支持。,BV1Jv411775m,3107161,17730,7680,15:01,2021-04-09
什么是好的工作？【罗翔老师直播课堂】,希望大家都能找到真正好的工作，期待下次与大家在直播间再会！,BV1bh411D7Zb,560040,5065,2397,09:11,2021-04-07
【罗翔】罪犯真的是基因所决定的吗？我对天生犯罪人理论的看法,如果我们认为犯罪是先天决定的，是基因的奴隶，根本不考虑其他社会原因，那么人类一切的制度建设也就失去了存在的意义。,BV11Z4y1F76P,1748308,22689,5041,11:46,2021-04-07
【罗翔】千刀万剐，凌迟处死，古代泯灭人性的酷刑,愿人类刑罚野蛮的这一页已经彻底翻篇，不要再翻回。,BV1uv411h7eJ,2044783,21044,10819,14:39,2021-04-02
【罗翔】中国古代最常见的死刑方式，绞刑与斩刑,我们继续之前的古代刑罚系列，今天为大家讲解一下中国古代的绞刑与斩刑。,BV1PK411w7h8,1625889,8164,2756,08:18,2021-03-30
【罗翔】给“坏人”辩护的律师也是坏人吗？,给“坏人”辩护的律师是好律师吗？,BV1f54y187tR,3035368,15742,12667,10:27,2021-03-27
【罗翔】超超超低价买了一辆二手车，是销赃吗？,张三用超低价买了一辆电动车，上面还有血，这种行为是销赃吗？,BV1zh411Q7d7,914530,6074,3467,06:59,2021-03-23
【罗翔】张三领导频繁结婚收下属红包，这是犯罪吗？,领导结婚收下属红包，算违法行为吗？,BV16z4y117Xi,983741,5403,2541,05:36,2021-03-19
聊一聊刑法修正案十一中的热点问题【罗翔老师直播课堂】,这次主要讲一讲刑法修正案十一的新旧衔接的相关问题，期待下次与同学们在直播间再见,BV1ry4y147aB,346369,4030,946,31:38,2021-03-18
【罗翔】张三做了领导的小三，小三有权利索赔么？,小三索赔是敲诈勒索吗？,BV1Fp4y1a7qF,1316674,11242,4279,07:11,2021-03-15
【罗翔】张三的老师、前女友、亲哥哥不救濒死的张三，构成犯罪吗？,"看单个案例，是令人遗憾和叹息的，我们借由这个案例来延伸讲一讲“见死不救”的相关问题。
我们的法律还是要尽量减少行善之人的后顾之忧，鼓励而不是强迫他人见义勇为。",BV1PA411T7zR,1253436,9977,4807,07:02,2021-03-12
【罗翔】卖6只鹦鹉被判了5年？人工驯养的珍惜鹦鹉也属于珍稀野生动物吗？,今天我们讲一讲王鹏案，该案的关键点是，人工驯养的珍惜鹦鹉属不属于珍稀野生动物吗？,BV1Uf4y147eN,1007328,6407,4813,09:13,2021-03-09
【罗翔】3月1日之后，这些行为就变成犯罪行为了！,3月1日之后，刑法修正案（十一）正式施行，有哪些行为开始变成犯罪了呢？最新的刑法修正案是扩张了刑罚权还是限缩了刑罚权呢？,BV18r4y1A7Uv,3812722,32070,9535,08:56,2021-03-04
【罗翔】擤鼻涕甩倒窗外也算高空抛物罪吗？,今天我们讲一个新罪名：高空抛物罪。,BV1EX4y1V73P,1574170,7167,5295,05:18,2021-03-02
【罗翔】权利与权力，两个词语有何区别？,为大家讲一讲如何区分权利与权力这两个看起来很相似的词。,BV11h411r7M5,987400,13531,3111,07:50,2021-02-26
孩子视力不好想坐第一排，送给老师八根金条算受贿罪吗？【罗翔老师直播课堂】,期待下次与大家在直播间再见！,BV18K4y1S7rY,702511,10829,2087,34:24,2021-02-24
【罗翔】不知者无罪？仔细想想，这句话合理吗？,"上期视频里有很多同学问道，如果我不知道哪种动物是三有动物，我抓了20只乌龟，我也犯罪吗？今天的视频我们就好好聊聊这个话题。
粉丝动态：刑法修正案十一怎么也不和我商量啊？我不知道这还犯罪啊？",BV1up4y1W7AR,2017357,10299,4015,11:18,2021-02-23
牛年到了，买一百只牛蛙放生？【罗翔老师直播读评论】,期待下次与大家在直播间的交流，欢迎大家常来直播间做客,BV1dh411r7C9,560778,7822,2386,19:53,2021-02-22
【罗翔】抓癞蛤蟆吃也构成犯罪？什么是“三有动物”？,癞蛤蟆是“三有动物”？什么是三有动物？,BV1sr4y1N7fP,1417114,12012,4455,06:16,2021-02-19
【罗翔】先性侵然后谈恋爱还叫不叫性侵？,今天和大家探讨一个沉重的话题：先性侵然后谈恋爱还叫不叫性侵？“先强后通，不谓之强也”，这句话，大家怎么理解呢？,BV1Q541177TT,5796033,29076,16826,10:28,2021-02-16
【罗翔】打麻将把领导的钱都赢光是做自己还是低情商？读评论#6,同学们新年好，新一期的读评论视频来了，希望大家都能过个愉快的春节。,BV13N411d7dq,2168751,13973,4173,09:03,2021-02-13
牛年许个愿，梦想都实现,"BGM：
Ripply - lilo  橙汁本色
白金disco（Cover 井口裕香） - 水玥兒
电视节目《大风车》开场曲

再次祝大家新年快乐，见者好运。",BV1py4y1n7ug,422501,94966,1914,05:37,2021-02-11
【罗翔】红包赌局：手气最佳继续发，末位数最大继续发红包？,春节马上就要到了，同学们都在忙什么呢？是在忙着抢红包吗？有一些群里的抢红包其实是赌博行为，大家一定不要接触赌博，碰都不要碰。,BV1pU4y1x74e,3285793,13079,8091,05:58,2021-02-10
张·三 厨 狂 喜,为过年不回家的朋友们准备了3道家常菜，喜欢的话可以一键三连哦！,BV1mX4y1N7yU,5089823,26877,4753,15:50,2021-02-05
【罗翔】“假活佛”也整PUA？你的身体是法器，我来净化你？,有时候我们看案件中的受害者，我们可能会想，这怎么会有人被骗呢？但其实大家经常会高估自己的理性，尤其当人在信息不对称的情况下，你在你深信不疑的信任对象面前，你的理性能力其实是非常脆弱的。,BV1cK4y1Q7Z8,1695365,18370,6463,12:29,2021-02-05
【罗翔】我捡到了就是我的，捡到的东西就不算偷吧？,借出租车上捡到手机的事情，我们讲一讲 无因保管的占有权 的概念。,BV14T4y1P7Ca,2046718,14009,7804,09:46,2021-02-02
【罗翔老师直播课堂】为了请假编造核酸阳性？,"这个行为的后果很严重.gif
期待下次与同学们在直播间再见！",BV18K4y1p7RH,665051,11295,1219,38:54,2021-01-29
【罗翔】做知识殿堂的小门童,我们因为好奇所获得的一切终究因为骄傲而玷污。,BV1GT4y1P7tQ,982702,5083,2433,05:39,2021-01-29
【罗翔】提前安装防卫装置防盗，谁碰谁死，犯法吗？,预先安装防卫装置是否成立正当防卫呢？我们本期视频好好的讲一讲。,BV1rh411y7M1,2696875,19323,16778,08:50,2021-01-26
【毕导】和！罗！翔！老！师！一！起！rap！,"没想到竟然能和罗翔老师一起rap，真是非常的amazing啊！
最近开始尝试拍一些vlog了，如果大家喜欢我的vlog的话就多多三连吧，我看以后还有没有有趣的vlog给大家拍！",BV1xA411p7eq,3996364,34014,4049,11:35,2021-01-23
【罗翔】开酒不喝车，张三骗我酒后驾车,醉驾可不可以免刑？快要过年了，大家要牢记，开车不喝酒，喝酒不开车。,BV1Qy4y1H7n7,1479754,7172,2353,07:32,2021-01-22
【说唱】罗翔×毕导×圣代——做题超人！,"亲朋好友们！父老乡亲们！
年度知识分享官名单公布了！！【点击链接查看完整名单：https://www.bilibili.com/blackboard/knowledge-award.html】
在这阳光明媚的好日子，我们邀请到两位获奖的up主，毕导&罗翔老师联手说唱歌手圣代一起演绎一首说唱歌曲《做题超人！》

各位观众姥爷，走过路过点个赞，听过哼过投个币，知识酱这厢有礼了~",BV1bV411q7Tb,2196498,5251,4140,03:24,2021-01-22
【罗翔老师直播课堂】刑法修正案解读,各位同学们有什么看法，欢迎大家在评论区讨论。期待下次在直播中与大家再见！,BV1L54y1s79j,520733,6924,791,31:58,2021-01-20
【罗翔】骗财犯罪我知道，骗色应该不算犯罪吧？,性欺诈也应该被刑法所制裁吗？我们结合最近的刑法修正案十一，详细聊聊这个事情。,BV1ap4y1x7xP,1857083,7446,3937,08:06,2021-01-19
【罗翔】和领导打麻将故意输给他，间接送礼构成犯罪吗？,快过年了，我们不要老想着钻法律的漏洞，遵纪守法，过一个让自己舒心也让领导舒心的年吧。,BV1uv41147w7,3750315,17792,6545,05:57,2021-01-15
【罗翔】2021年第一次读书会的vlog,,BV1Zz4y1U7Cq,1938651,8381,3631,10:56,2021-01-12
【罗翔】我包庇了德国青年逃票算是共同犯罪吗？,逃票这种行为，是犯罪吗？,BV1hz4y167Cj,1040668,6518,2427,05:39,2021-01-08
【罗翔老师直播课堂】2020，感悟与共勉,2020年是独特的一年，在过去的一年中相信大家都经历了许多特别的事情，这一次的直播主要是总结一下，继往开来地展望一下。祝福各位同学2021年平平安安，每天都有每天的收获。,BV1co4y1o7Xg,455446,5201,656,33:36,2021-01-07
【罗翔】精神障碍患者杀人不犯法？犯罪之后装作精神病能逃避刑事责任吗？,精神病杀人不犯法？限制刑事责任人是什么意思？原因自由行为是什么行为？这期视频我们好好讲一讲。,BV185411n7mF,1566575,9092,3940,08:39,2021-01-05
即便一个男性真诚地认为“不 等于 是”，法律也要抛弃这种花花公子式的哲学 | 罗翔 一席第823位讲者,罗翔，中国政法大学教授，代表作《刑法学讲义》《圆圈正义》《罗翔讲刑法》。,BV13X4y1K7Ss,1372564,29535,6578,41:25,2021-01-04
【罗翔】进口了八个集装箱的黄色书籍，你说你自己看？读评论#5,2021年的第一期读评论视频，希望大家新年新气象，遵纪守法，享受美好生活。,BV1r64y1Z7KT,5840677,46948,10169,12:35,2021-01-02
【罗翔】判刑十年就一定关十年？如何看待缓刑与减刑？,很多同学都在问我关于之前存在的一些“纸面服刑”的案件，今天和大家讲一下减刑的相关知识。,BV15v411t7gb,1277562,4498,2793,06:33,2020-12-29
【罗翔】刑法修正案十一为什么要降低刑事责任年龄,刑法修正案十一在非常谨慎的规定下降低了刑事责任年龄,BV17V411b7ad,1813128,13848,7524,10:15,2020-12-27
【罗翔】凭什么他找的工作比我好？求职职场个人体会小分享,今天与同学们分享一下我自己的一些职业职场心得体会，讲的有些内容算是老生常谈了。希望大家都能在找工作的阶段和初入职场的阶段能够顺顺利利，马上要考研的同学也能一战成硕！,BV1yz4y1r7kj,2043932,9462,4832,08:58,2020-12-25
【罗翔老师直播课堂】共读柏拉图的《会饮篇》,"《会饮篇》是人类文学宝库里经典中的经典，真心推荐给大家品读。
欢迎大家来直播间一同学习成长，期待下次在直播中与大家再见！",BV1zT4y1K7sm,878818,11925,1404,46:00,2020-12-24
【罗翔老师直播课堂】死刑究竟应不应该废除？,各位同学们有什么看法，欢迎大家在评论区讨论。期待下次在直播中与大家再见！,BV1tV411b7mK,681290,13064,3708,28:35,2020-12-23
【罗翔】细思恐极的《西游记》，从真假美猴王到唐僧的离奇身世,真假美猴王到底谁真谁假？,BV1ua411c7L1,3759072,21733,6703,09:20,2020-12-22
【罗翔】女子取快递被偷拍造谣，什么都没做，却被社会性死亡,2020年12月14日，杭州市余杭区人民法院正式受理了“女子被造谣出轨”当事人吴女士提交的刑事自诉。今天和大家聊一聊我对该案的一些看法。,BV1iX4y1u7Rx,3204961,18525,8288,11:00,2020-12-19
【罗翔】说好一起为爱殉情，你却怂了？,相约自杀有哪几种类型？这种行为应该如何判断？,BV1LK411G7zN,1899983,17954,4388,08:46,2020-12-18
张三骗小学生100元能不能定罪？【罗翔xbilibili安全课】,"《哔哩哔哩安全小课堂》是哔哩哔哩公益计划推出的一系列适合农村儿童的安全教育系列课程。我们希望通过动画及UP主的有趣讲解，在教学中有效地运用视频以增长学生学习兴趣，并降低教师授课难度。
第一课《网上有陷阱》由在知识领域颇具影响力并广受学生喜爱的B站UP主罗翔老师主讲。",BV19Z4y1g7j6,647829,6234,1381,05:47,2020-12-15
【罗翔】可怕的“配阴婚”，构不构成犯罪？,盗窃尸体是犯罪，那盗窃骨灰呢？如果家属自己出售亲人的尸体或骨灰呢？,BV1BT4y1M748,2720309,15584,4785,08:03,2020-12-15
【罗翔】网络时代，我们该如何看待“人肉搜索”,我们喜欢八卦别人，但不喜欢自己被八卦，我们喜欢窥探别人，但不喜欢自己被窥探。这一期视频我们讲一讲“人肉搜索”。,BV1bA41147EQ,1264078,9631,5148,07:50,2020-12-11
【罗翔】我是你什么人？刑法中的特定关系人是什么？,今天我们讲一个刑法中的概念：特定关系人。,BV1sz4y1C78w,1147223,4848,2764,05:36,2020-12-08
【罗翔】无论什么样的评论都可以回到知识点。读评论#4,又到了久违的读评论时间。,BV1Hz4y1k7yL,2363834,22661,3134,11:17,2020-12-04
【罗翔】张三撞了人，把人送到医院门口再跑，也算逃逸吗？,作为人最重要的就是勇敢的承担责任，只有勇敢的承担责任，我们才能在错误中重新站立。,BV1gK4y1f7EF,1536080,5265,3362,05:27,2020-12-01
【罗翔】有个同学问我，裸聊被勒索了怎么办？,这期视频与大家聊聊裸聊被敲诈的相关法律问题。,BV1NA41147co,2116743,14272,5376,07:12,2020-11-27
【罗翔】我去太空杀人犯案，没人管的到我吧？并不,今天的视频我们讲一讲法律中管辖权的问题。,BV1Bp4y1r7cY,8610915,36146,9352,08:16,2020-11-24
【罗翔】让人隐隐作痛的宫刑,这期视频与大家聊聊历史上的“宫刑”。,BV1Ea411w7UR,1989740,13117,4616,08:52,2020-11-20
【罗翔】没想到哥哥是个海王！骗钱+骗色=诈骗+强奸？,这期视频与大家聊聊《守护解放西2》中的一起案件。,BV1Wz4y1y7yM,5790327,44264,8126,12:53,2020-11-17
【罗翔】把脚砍掉人不就废了？残酷的古代刖刑,我们今天聊一聊古代的刖刑。,BV1wK411V7Pb,1327555,7305,2461,11:28,2020-11-14
【罗翔】收钱不办事反而是守住道德底线？,收钱不办事算不算受贿？,BV1ba4y1s7Lk,1570750,11976,4672,09:05,2020-11-11
【罗翔】玩游戏开挂犯罪吗？制作外挂软件的要怎么判？,今天讲讲与游戏外挂相关的法律问题。,BV1MA411j7e5,4299667,20039,11152,07:05,2020-11-07
【罗翔直播课堂】品读关于苏格拉底的《申辩论》,期待下次和同学们在直播间再见。,BV1fZ4y1V7xg,759260,10099,1467,55:17,2020-11-04
【罗翔】6岁女童遭亲妈虐待，虐待罪还是故意伤害罪？,令人心碎的虐童案，应该算虐待罪还是故意伤害罪？,BV13D4y1R776,1201848,18936,6095,06:48,2020-11-03
【罗翔】收钱办事的“网络水军”到底犯不犯法？,今天我们讲一讲“网络水军”的相关法律问题。,BV1vi4y1779j,1424855,9294,6465,06:40,2020-10-30
【罗翔】第一次吃螺狮粉，感谢“罗师粉”们的支持与鼓励,之前一直听说螺狮粉，今天第一次吃螺狮粉，到底是什么味道呢？,BV1rV411y7re,12168613,111412,18123,08:37,2020-10-26
【罗翔老师直播课堂】千万粉丝成就达成！感谢厚爱，诚惶诚恐！,"祝贺罗翔老师达成千万粉丝成就！
希望未来能看到罗老师更多的优质内容，哔哩哔哩干杯！",BV1vK411A7vG,1546214,10584,4365,08:36,2020-10-25
【罗翔】碰瓷公交车结果失误把自己碰死了，这怎么算？,今天我们讲一讲碰瓷和敲诈勒索的相关问题。,BV1gp4y1k7h2,2928142,17186,5958,07:16,2020-10-23
【罗翔老师直播课堂】足协裁判吹黑哨能不能定受贿罪？《刑法学讲义》课后习题解答,这一次直播和大家一同探讨了《刑法学讲义》的课后习题，内容还有很多没讲完，我们之后接着一起学。,BV1Ua411A7nT,460160,7461,961,48:43,2020-10-22
【罗翔】对上海名媛指责过后，我发现错误在我,这是我自我反思之后的一些小感想，和大家分享一下。对自己进行反思之后，我觉得我们在进行道德判断的时候，不要把自己排除在道德判断的范围以外，还是要严以律己，警惕自己内心的黑暗。,BV1Mv411k788,11142370,51251,30685,07:37,2020-10-16
【罗翔老师直播课堂】希望大家能够拥有爱与被爱的能力,亲爱的同学们，愿你一生都拥有爱与被爱的能力。咱们下次直播再见,BV1dA41177QD,687031,13669,2147,32:26,2020-10-13
【罗翔】爸爸绑着儿子去自首，算自首吗？自首一定可以减刑吗？,最近一段时间，不少案件都涉及“自首”这个概念，那我们这一期就讲讲自首的相关知识点。,BV1PA411E7mC,1573292,5812,3138,05:15,2020-10-13
【罗翔】二奶是男的不算重婚罪？你发现了盲点。读评论#3,看到这些评论我很欣慰，看来我的课大家没白听。,BV1hD4y1d7L2,3199371,21455,6528,08:24,2020-10-11
【罗翔&向高甲】实体正义VS程序正义，聊聊刑法和刑诉的关系,实体正义和程序正义，哪个更重要？大家怎么看？,BV1BT4y1c7wN,1229105,10165,3621,10:09,2020-10-06
【罗翔】电竞外围？菠菜？韭菜？远离电竞博彩,,BV1GK411N7y1,2047927,10109,6240,07:54,2020-10-02
【罗翔】我没病，但我把核酸检测改阳性，不，你有病,反向伪造核酸检测结果，也犯罪吗？,BV15h41197p5,2166835,7249,2777,05:27,2020-09-29
【罗翔老师直播课堂】张三醉酒抢夺公交车方向盘，用开水泼他算正当防卫吗？,期待与大家下一次在直播间再会！,BV1Lz4y1Z7o9,720031,46439,2211,57:37,2020-09-28
【罗翔】《沉默的真相》沉重的剧情令人愤慨，我们都需要江阳们的勇气,有同学让我聊聊《沉默的真相》，之前看过原著，来与大家聊聊这部剧中的一些法律问题。,BV1Zp4y1e7aL,4691480,16810,5803,10:27,2020-09-27
【罗翔vlog】终于回到学校，可以当面催学生读书了,开学返校，给学生们上课，带学生们吃饭，开学了，大家也都要好好学习，用功读书！辛苦我的学生来进行拍摄，第一次拍摄vlog这种形式的视频，大家多担待。,BV1NA411J7DW,2996748,21177,4648,13:09,2020-09-25
【罗翔】高中老师10年猥亵20名学生，警惕教师性侵！,教师是个高尚的职业，但这个群体中也有一些害群之马，警惕教师性侵。,BV1XZ4y1N7ek,1520228,17972,6312,10:16,2020-09-22
【罗翔】嫌我口臭？给你把鼻子割掉，可怕的劓刑！,劓刑也是古代五刑之一，是一种非常可怕的刑罚。,BV1tK411P7XC,1539837,13291,4084,09:46,2020-09-19
【罗翔】除了自己全家人都落水，你嫌疑很大啊！读评论#2,久违的读评论，争取10月能再读一次。,BV1X5411b7Xk,6077741,39504,13214,10:03,2020-09-15
【罗翔】我的老师们，改变了我的人生轨迹,今天是教师节，祝老师们节日快乐。,BV1FA411H7K4,1617670,23069,20662,09:26,2020-09-10
【罗翔】被网络诽谤但没证据，没法起诉怎么办？,今天给大家讲一讲亲告罪与公诉案件的区别。,BV1bK411K7bV,1240134,6290,12117,06:21,2020-09-08
【罗翔】今日纹身古代墨刑，刺错字了还被涂改，太惨了,墨刑是古代五刑之一，很多影视剧中的人物都是脸上被刺了字。,BV1pZ4y1T7sG,1509922,13096,4455,10:04,2020-09-04
【罗翔】提吃人方案的人最终被吃，洞穴奇案怎么看？,洞穴奇案是一个经典的法理案例，这个案例虽然是虚构的，但是仍能引起我们的思考。,BV1ky4y1C7Je,3168297,27186,10674,13:34,2020-09-01
【罗翔】私家侦探跟踪是否违法？女友雇侦探算共犯？,私家侦探的一些行为是否违法？如果私家侦探的行为构成了犯罪，那雇佣了侦探的人，是否构成共犯呢？,BV15k4y1y7VK,2293525,22517,6155,09:16,2020-08-28
【罗翔】踹伤猥亵者的男生构成犯罪吗？,"据报道，湖南省永州市17岁女生小雪（化名）在商场被52岁男子雷某肘袭胸部。随后小雪报警，并和同行男友胡某将雷某带到商场监控室。因雷某逃跑，为将其控制，胡某用脚踹了他。雷某因被踹伤住院，构成轻伤一级，手臂和腿粉碎性骨折，向胡某索赔20万元。8月21日，警方将涉嫌故意伤害（轻伤）罪的胡某刑事拘留。警方称，胡某的行为不属见义勇为。
这个案件值得关注与研究，我的个人观点，胡同学的行为虽不属于正当防卫，但我认为，胡同学的行为具有扭送性质，即便扭送行为可能存在过当，但也不宜以犯罪论处。",BV1SA411n7eq,4703986,33227,40578,06:15,2020-08-25
【罗翔】做自己，要先明白自己是谁,生活教育：做自己，多看书，珍惜今天,BV1t54y1v7hF,3972700,15560,5542,05:52,2020-08-25
【罗翔】50万包养张三做二奶，张三说，得加钱,快到七夕节了，在这个中国传统婚恋节日，和大家聊一下关于包养二奶与重婚罪，也聊一下真正的“爱”。,BV1Pt4y1Q7Yn,3291500,67510,8374,07:40,2020-08-22
【罗翔】与张三尝试野外生存，危,有不少同学说我和德爷长得很像，我去看了一下，还真有一点神似，如果是在极端的求生环境下发生一些事情，甚至是案件，我们应该怎么来判定呢？,BV1zC4y1t7Et,3454505,27149,6815,12:13,2020-08-21
【罗翔】拐卖妇女儿童该不该判死刑？拐卖男子算犯罪吗？,关于拐卖妇女儿童罪的定罪，社会上一直有很大的争议，拐卖妇女儿童罪要直接判死刑吗？拐卖非妇女非儿童的男孩子，是否也属于犯罪？拐卖阴阳人的特殊情况，该怎么判？,BV1264y1c7e6,1776457,25657,6672,09:48,2020-08-18
【罗翔老师直播课堂】如何探寻大学生活的意义？,如何探寻大学生活的意义？,BV11K4y1Y7VK,1172691,16159,3657,31:05,2020-08-17
【罗翔】故意传播艾滋病等于故意杀人吗,故意传播艾滋病等于故意杀人吗？,BV1dk4y1m7oJ,1807697,23399,12001,09:37,2020-08-14
【罗翔】发生在网络上的猥亵儿童罪,经常有人搞混猥亵儿童罪与强奸罪，这期视频讲一讲猥亵儿童罪相关的知识。对性侵儿童的行为法律应该保持零容忍。,BV1gV411U7pd,1392905,16454,6804,05:41,2020-08-11
【罗翔】羁押26年张玉环改判无罪，之前的刑讯逼供还能追诉吗？,张玉环案令人唏嘘，在接受记者采访时，张玉环表示自己曾遭到过刑讯逼供，被逼问了六天六夜，甚至还被放狼狗撕咬。张玉环希望追究相关人员的责任。如果刑讯逼供的事实成立，这种犯罪还会被追究吗？,BV1UK4y1v7nm,6885391,93508,28618,12:38,2020-08-07
【罗翔】多人运动触犯刑法？怎么才算聚众淫乱？,作为一名性犯罪研究者，聚众淫乱是一个重要的研究议题，而在这个话题的争议观点中，我们可以了解一下自由主义、社会瓦解理论、冒犯原则等多种观点，并思考法律如何在诸多对立观点中寻找平衡。,BV1Zf4y1X7Kt,4941702,65752,10792,10:29,2020-08-04
【罗翔】父母把孩子活活打死，那还是人吗,作为父母，我们每天都要学习如何爱自己的孩子，不要打着爱的名义，要求我们所爱的人，接受我们所爱的事物，己所不欲，勿施于人，己所欲，也不要强加于人。,BV1A54y1D743,2645269,47617,20509,07:55,2020-07-31
【罗翔】如何拯救你，被家暴的女性,家本是爱的港湾，而不是仇恨暴力的场所。彼此尊重才能真正解决家暴问题。,BV1vk4y1m7g2,2046626,23683,18182,06:32,2020-07-28
【罗翔X泛式】细数柯南中黑衣组织五大罪行,感谢@泛式的视频制作，这一期我们一同分析柯南中黑衣组织的犯罪行为。,BV1Ht4y1X7Hk,6175182,80253,13611,14:30,2020-07-25
【罗翔】大学报志愿，选法学怎么样？,最近B站有档讲高校专业的节目《#我是XX生#》还蛮火的，身为一名法学老师，我对今年的高考也非常关注。高考分数出来了，大家都考得怎么样？之后一段时间大家应该在准备报志愿了，那么选择法学专业好不好呢？,BV1CZ4y1T7JD,2865076,34759,9258,13:47,2020-07-24
投 辣 既 遂【盗月社 X 罗翔】,和张三比赛吃辣，被辣死怎么判刑？,BV1TA411v7wD,4725236,47784,8015,11:01,2020-07-22
【罗翔】搞黄色犯罪吗？“流氓罪”的历史变迁,流氓罪的历史变迁算是一个小型的标本，从中我们可以洞悉法治发展的进程。,BV1qZ4y1T7vp,3130913,52041,12483,07:47,2020-07-17
【罗翔】捆住手就没法讲课，第一次读评论，有点紧张,第一期读评论视频，很多评论都很有想法，也很有趣，谢谢大家一直以来的支持，如果大家喜欢这个形式，之后还会继续做。,BV1nz4y1D7x4,6886558,90780,16717,12:00,2020-07-14
【罗翔老师直播首秀回顾】全程干货满满不容错过！,罗翔老师首次直播全程干货满满，错过直播的朋友不能再错过回顾了哦~也欢迎大家常来罗翔老师直播间做客，直播间传送门：https://live.bilibili.com/3333,BV1cg4y1i7LJ,1133752,24772,3899,68:44,2020-07-11
【罗翔】挥刀自宫？禁止自宫！,如果可以练就神功，你愿意自宫吗？这次的视频加了一个片尾，感谢UP主@自动鬼畜中的WZ 的持续创作。,BV1QV41167xB,3458284,52338,8730,09:07,2020-07-10
【罗翔】哈佛我不去，我要去技校，张三改我高考志愿,每年都有很多关于高考、研究生考试篡改志愿的相关案例，高考在即，与大家讲讲该类案件的相关知识。,BV1UT4y177o6,4039408,37367,11096,10:19,2020-07-07
【朱一旦X罗翔】应聘保洁被骗光所有积蓄，朱一旦向罗翔求助！,"感谢罗翔老师的配合与解惑
微博@刑法学人罗翔
       @朱一旦的枯燥生活
本期BGM：가려진 진실 (Inst.)
胡伟立 - 邂逅之际
川井憲次 - 潇湘子
黄江琴 - 似水流年
              庭院深深
Mark Snow - The X-Files (Original Version)
Carter Burwell - Prologue",BV1ga4y1e7Z1,7874910,97121,18087,11:46,2020-07-03
【罗翔】高考语文第一题是拼音，我直接秒选,祝大家在高考中都能发挥到最好！加油！,BV11z411e7Tk,3542018,48652,9431,05:16,2020-07-03
【罗翔】腾讯与老干妈纠纷，公章很忙！,伪造文书的事情在现实中经常发生，包括企业纠纷和高考冒名顶替都与之相关。我们今天从腾讯与老干妈的纠纷中了解一下伪造文书相关法律知识。案件后续消息我们持续关注警方通报与法院回应。,BV1Zp4y1U7wU,4791695,30095,18219,09:38,2020-07-02
【罗翔】《隐秘的角落》犯罪分析，张三还有机会么？,很多同学建议我看这部剧，我在B站看了剧情解析，正在刷剧中。给大家分析一下影片中的几个典型的案例。每个人的内心也许都存在着一个隐秘的角落，我们要努力遏制内心的幽暗。,BV1wp4y1S7qt,7269801,70114,12677,13:21,2020-07-01
B站11周年特映《喜相逢》| 我们满心欢喜相逢在B站,"是什么让我们永葆青春？是什么让爷爷勇往直前？BILIBILI 11周年特映《喜相逢》悬疑发布。我们满心欢喜，相逢在B站，做什么都可以。众所周知，你感兴趣的视频都在B站。

导演：张大鹏
副导：张帆
主演：赵耀东，李勤勤，方青卓
制片：齐扬，王亮，王芸，侯东星
摄影指导／摄助：冯佰钦／李清，郁卫国
灯光师：曹要斌
美术指导／助理：黄博／邱婷婷
造型：孙莹；道具：乔天冶，张新朋
剪辑／合成：董北／八爪乔工作室
调色：HOMEBOY
作曲：吴东伟；中提琴：徐宁
录音：张诗雪，张震
选角：王晓龙",BV1yt4y1X75B,10368459,49039,13084,07:05,2020-06-26
BILIBILI 11周年演讲,"BILIBILI 11周年演讲，邀请数位嘉宾分享他们与B站的故事。
陈睿《bilibili 11周年主题演讲》
机智的党妹 《在B站，表达自我》
腾格尔《在B站，做全新的腾格尔》
周深《在B站，做一个歌手》《起风了》
罗翔《在B站，授业与解惑》
Carly李旎《在B站，一起成长》
BILIBILI 11周年特映片《喜相逢》",BV1SK4y1477d,9026261,243064,21857,217:07,2020-06-26
